{"training/train_loss_mean": 0.0013847297016356605, "_timestamp": 1638107767.3457727, "training/action_error": 0.000911543145775795, "evaluation/target_235_return_mean": 2.0, "evaluation/target_235_length_mean": 206.0, "evaluation/target_235_length_std": 0.0, "evaluation/target_4_length_mean": 206.0, "_step": 1, "evaluation/target_4_length_std": 0.0, "time/total": 33729.18464279175, "time/evaluation": 15851.898034572601, "time/training": 955.1275866031647, "_runtime": 33738.50379562378, "evaluation/target_4_return_mean": 1.0, "evaluation/target_4_return_std": 0.0, "training/train_loss_std": 0.0003933228604692188, "evaluation/target_235_return_std": 0.0}
