{"evaluation/target_100_length_mean": 206.0, "_runtime": 17105.41737294197, "evaluation/target_50_return_std": 0.0, "training/train_loss_mean": 0.0390132294413168, "evaluation/target_100_return_mean": 1.0, "time/evaluation": 16103.304469823837, "training/train_loss_std": 0.07342690492056313, "_step": 0, "evaluation/target_50_length_mean": 206.0, "evaluation/target_100_return_std": 0.0, "time/total": 17096.458634853363, "training/action_error": 0.0022840136662125587, "evaluation/target_50_length_std": 0.0, "time/training": 992.0068292617798, "evaluation/target_100_length_std": 0.0, "evaluation/target_50_return_mean": 1.0, "_timestamp": 1638070210.4888184}
