{"evaluation/target_4_return_std": 0.0, "training/train_loss_std": 0.00042859111680166554, "evaluation/target_235_length_std": 0.0, "time/training": 765.2581713199615, "_runtime": 33463.41013383865, "training/action_error": 0.0010591421741992235, "training/train_loss_mean": 0.0015135725325962994, "evaluation/target_235_return_std": 0.0, "evaluation/target_4_length_mean": 206.0, "evaluation/target_235_length_mean": 206.0, "time/evaluation": 15873.549463033676, "evaluation/target_235_return_mean": 1.0, "_step": 1, "time/total": 33454.6096060276, "_timestamp": 1638107483.7958186, "evaluation/target_4_return_mean": 1.0, "evaluation/target_4_length_std": 0.0}
