{"_runtime": 47212.69414782524, "evaluation/target_235_length_mean": 206.0, "training/train_loss_mean": 0.0008798020000220277, "evaluation/target_4_return_std": 0.0, "evaluation/target_4_length_std": 0.0, "evaluation/target_235_return_mean": 2.0, "time/total": 47204.5903840065, "time/evaluation": 13369.629138469696, "training/train_loss_std": 0.000105216599957614, "evaluation/target_235_length_std": 0.0, "_step": 2, "time/training": 624.9806652069092, "_timestamp": 1638121226.735758, "evaluation/target_4_return_mean": 3.0, "evaluation/target_235_return_std": 0.0, "evaluation/target_4_length_mean": 206.0, "training/action_error": 0.000712429522536695}
