{"_runtime": 16632.85508131981, "evaluation/target_100_length_mean": 206.0, "evaluation/target_50_length_std": 0.0, "training/train_loss_std": 0.07753215735364233, "evaluation/target_100_return_std": 0.0, "_timestamp": 1638069703.5932379, "time/evaluation": 15928.716787576675, "training/train_loss_mean": 0.04159735171238426, "time/training": 694.8983933925629, "evaluation/target_50_return_std": 0.0, "evaluation/target_100_length_std": 0.0, "evaluation/target_100_return_mean": 2.0, "evaluation/target_50_return_mean": 2.0, "_step": 0, "evaluation/target_50_length_mean": 206.0, "time/total": 16624.809888601303, "training/action_error": 0.0029635147657245398}
